{
  "type": "datasource",
  "name": "Anodot",
  "id": "anodot-datasource",
  "metrics": true,
  "logs": true,
  "info": {
    "description": "Datasource for anodot-panel plugin",
    "author": {
      "name": "Anodot",
      "url": "https://anodot.com"
    },
    "keywords": ["anodot"],
    "logos": {
      "small": "img/logo.svg",
      "large": "img/logo.svg"
    },
    "links": [
      {
        "name": "Anodot",
        "url": "https://anodot.com"
      }
    ],
    "screenshots": [],
    "version": "1.0.0",
    "updated": "2021-03-01"
  },
  "dependencies": {
    "grafanaDependency": "7.0.x",
    "plugins": ["anodot-panel"]
  }
}
