{
  "type": "datasource",
  "name": "Anodot",
  "id": "anodot-datasource",
  "metrics": true,
  "logs": true,
  "info": {
    "description": "Datasource for anodot-panel plugin",
    "author": {
      "name": "ua.ulin@gmail.com",
      "url": "anodot.com"
    },
    "keywords": ["anodot", "topology"],
    "logos": {
      "small": "img/logo.svg",
      "large": "img/logo.svg"
    },
    "links": [
      {
        "name": "Anodot",
        "url": "https://anodot.com"
      }
    ],
    "screenshots": [],
    "version": "1.0.0",
    "updated": "2021-03-01"
  },
  "dependencies": {
    "grafanaVersion": "6.5.x",
    "plugins": []
  }
}
