{
  "type": "datasource",
  "name": "Anodot",
  "id": "anodot-datasource",
  "metrics": true,
  "logs": true,
  "backend": true,
  "executable": "gpx_anodot-datasource",
  "info": {
    "description": "Datasource for anodot-panel plugin",
    "author": {
      "name": "Anodot",
      "url": "https://anodot.com"
    },
    "keywords": ["anodot"],
    "logos": {
      "small": "img/logo.svg",
      "large": "img/logo.svg"
    },
    "links": [
      {
        "name": "Anodot",
        "url": "https://anodot.com"
      }
    ],
    "screenshots": [
      {
        "name": "Anodot Dashboard",
        "path": "img/screenshot.png"
      }
    ],
    "version": "2.0.1",
    "updated": "2021-07-15"
  },
  "dependencies": {
    "grafanaDependency": ">=7.0.0"
  }
}
